"UniqueID","Probability1"
6533,0.0558583228040709
6534,0.0903210511533915
6535,0.199234732004976
6536,0.223742793891174
6537,0.550064816375968
6538,0.738977689808775
6539,0.913737138111276
6540,0.47423372582687
6541,0.0160529577347021
6542,0.0451788169381577
6543,0.0428877937024586
6544,0.927189992100255
6545,0.0592499609806578
6546,0.0108546710617289
6547,0.00781227209210113
6548,0.805790051450152
6549,0.769642062877361
6550,0.105439339111142
6551,0.552929709918623
6552,0.0225082240349763
6553,0.167395193305414
6554,0.0744319634043538
6555,0.720480001842969
6556,0.118804840678368
6557,0.0412542401804651
6558,0.603445277450313
6559,0.0516248093531642
6560,0.76534427089942
6561,0.276131325757003
6562,0.0584799701853165
6563,0.0404824432198516
6564,0.138507319701056
6565,0.00953994832204594
6566,0.131343642175246
6567,0.0996838532481315
6568,0.812974021148109
6569,0.734756998694489
6570,0.064142244947543
6571,0.177813488327831
6572,0.0831756861788723
6573,0.756495270764496
6574,0.764676781830846
6575,0.139061068471058
6576,0.424128279732621
6577,0.00693981636241634
6578,0.0437033599186969
6579,0.0757998761302725
6580,0.0580351527739258
6581,0.758410381255014
6582,0.0112262544255891
6583,0.00964575066364446
6584,0.280326533017006
6585,0.140733458652847
6586,0.165626984595466
6587,0.107978584371265
6588,0.00796638415788793
6589,0.00498402613396507
6590,0.144539674431736
6591,0.218556003579898
6592,0.0428402746340879
6593,0.0417611210457272
6594,0.136038316368743
6595,0.0498949149570051
6596,0.0612166836431661
6597,0.0593792129103897
6598,0.0442389440167358
6599,0.00690796022616961
6600,0.30721725715378
6601,0.215995292886029
6602,0.00547787828317019
6603,0.00778538454369432
6604,0.0706913276104724
6605,0.231273969263148
6606,0.734079257051031
6607,0.0620877482679069
6608,0.823479945891433
6609,0.14700983230076
6610,0.00736746321585576
6611,0.163081810948838
6612,0.220939081841924
6613,0.0494574849475631
6614,0.355129036303785
6615,0.0492943878210503
6616,0.629047218809481
6617,0.196836535646496
6618,0.0750728363133608
6619,0.352490676694436
6620,0.0573481681716274
6621,0.105771624739774
6622,0.152202136312005
6623,0.120022776430181
6624,0.0716938132638317
6625,0.0959031714639896
6626,0.0426034327788463
6627,0.116639498270829
6628,0.0491318007433739
6629,0.00995913583428382
6630,0.0518521108238853
6631,0.0103765094815712
6632,0.210517259552637
6633,0.12172236182436
6634,0.240198697240387
6635,0.484595549375934
6636,0.213808419497075
6637,0.24789865281236
6638,0.23475342204711
6639,0.163843498899927
6640,0.189765590736768
6641,0.219508832045573
6642,0.2031078918484
6643,0.230823145664759
6644,0.226736020674409
6645,0.155296306309435
6646,0.528430062055421
6647,0.0108881365583071
6648,0.0231624915817162
6649,0.297650445468961
6650,0.752377395497255
6651,0.0375234350852999
6652,0.0547029422375646
6653,0.0125559755472514
6654,0.0506586209412874
6655,0.0888941930717763
6656,0.120612336453286
6657,0.0100545647710512
6658,0.153788613731041
6659,0.0654624814374402
6660,0.322154654655912
6661,0.00744245760464735
6662,0.0450694816617744
6663,0.0562142331449375
6664,0.282380965062562
6665,0.148001568300421
6666,0.0553601001304145
6667,0.0628951525058802
6668,0.125486163630507
6669,0.0620748802352699
6670,0.862933302241982
6671,0.861557566368429
6672,0.0451692846028184
6673,0.0305650176930145
6674,0.086385524835532
6675,0.0409715620489966
6676,0.0581498136500085
6677,0.0420778685898608
6678,0.0106720866290729
6679,0.00983352102775206
6680,0.697063411585174
6681,0.125995467797323
6682,0.0486904805136421
6683,0.157594794772111
6684,0.39136338455881
6685,0.0386263071294621
6686,0.0600823506720948
6687,0.0674018508037059
6688,0.754314374160418
6689,0.00819671679893725
6690,0.104877658983561
6691,0.0858467597189556
6692,0.212424135533212
6693,0.00475841132353183
6694,0.773726401247153
6695,0.0875813109823942
6696,0.00678049287934325
6697,0.666626552518013
6698,0.104335230085245
6699,0.0537688141854059
6700,0.046332250561617
6701,0.340368463900669
6702,0.0524083843248341
6703,0.313865398640558
6704,0.570692875214816
6705,0.175249527356465
6706,0.0405639183491021
6707,0.2031078918484
6708,0.113200775460459
6709,0.0994602270807904
6710,0.0383263557640274
6711,0.135365665694178
6712,0.0461789589043683
6713,0.0735509815410845
6714,0.0974007538432097
6715,0.155910723202002
6716,0.0446229630891808
6717,0.0389718677096274
6718,0.174253559605886
6719,0.00909423767862246
6720,0.761959640029425
6721,0.0470021254500306
6722,0.0536883663972601
6723,0.251546375879352
6724,0.159419179887751
6725,0.328972545208044
6726,0.147390539937121
6727,0.112941961536469
6728,0.84862073970512
6729,0.00696875902299484
6730,0.0343093768703034
6731,0.575445604304091
6732,0.0361594622103593
6733,0.11041839360664
6734,0.010098574466816
6735,0.00807800999857475
6736,0.0464762315527596
6737,0.0585194196265732
6738,0.126354208415299
6739,0.891283321698738
6740,0.00603512160008125
6741,0.0815664718560787
6742,0.0337761604537975
6743,0.130371253623512
6744,0.0524025578782353
6745,0.172892701568404
6746,0.0416046655406468
6747,0.1144636841723
6748,0.0668801991552166
6749,0.170095095655664
6750,0.744925930367097
6751,0.00675564917545442
6752,0.110755905609995
6753,0.979534798118374
6754,0.00956441909288993
6755,0.042349913044026
6756,0.0518873356400939
6757,0.255704117283181
6758,0.273742769709557
6759,0.00977947354645489
6760,0.108499085209476
6761,0.0554697870946857
6762,0.132886613174563
6763,0.0337761604537975
6764,0.742940157856333
6765,0.144646438061168
6766,0.0398403372166498
6767,0.0405102742570375
6768,0.0950558122957222
6769,0.0679726373508581
6770,0.186371524690031
6771,0.00571719436081944
6772,0.0629443012160591
6773,0.0960695814359551
6774,0.034695206969367
6775,0.41837301430085
6776,0.0492736781556734
6777,0.00430826723541928
6778,0.113062392013907
6779,0.0821680949979065
6780,0.774093057663404
6781,0.199349027899981
6782,0.0654553039629083
6783,0.044313878579014
6784,0.0064000092980905
6785,0.012220173796869
6786,0.0474565896576799
6787,0.703821572284843
6788,0.0239837802731183
6789,0.0519030999923643
6790,0.31481631778875
6791,0.0416046655406468
6792,0.00601431340647248
6793,0.144341920437706
6794,0.00442917036659995
6795,0.485408253524816
6796,0.0939780027447347
6797,0.164602095721583
6798,0.172231184060597
6799,0.134124558920888
6800,0.0125459512109589
6801,0.0828774929665294
6802,0.0573869006572584
6803,0.0378093090735727
6804,0.0356383382957799
6805,0.00532002703064665
6806,0.0432035651326296
6807,0.681085708999529
6808,0.170718811456347
6809,0.0397876103478031
6810,0.952206113388912
6811,0.0939591874056865
6812,0.0140379030349889
6813,0.0313968518295185
6814,0.0592130170815799
6815,0.0688443063471325
6816,0.0801726030611953
6817,0.13406671848453
6818,0.128778746482975
6819,0.843615733082345
6820,0.0498634949952639
6821,0.0101660586049151
6822,0.025674249120431
6823,0.121798954398902
6824,0.369424460908156
6825,0.733903283924484
6826,0.0326533739697527
6827,0.116213843956307
6828,0.00524889603130657
6829,0.00986309429841987
6830,0.0498634949952639
6831,0.255001234237061
6832,0.0529644067461956
6833,0.127227384280799
6834,0.0351562289742386
6835,0.731454564520586
6836,0.0599920447189536
6837,0.169085284006897
6838,0.385480309226607
6839,0.0457993008931316
6840,0.106037866333738
6841,0.0329842543051367
6842,0.00860791082632489
6843,0.0483444795132944
6844,0.830835870430826
6845,0.676998658813066
6846,0.031644355745383
6847,0.237171826116704
6848,0.0433863117375928
6849,0.132994647606493
6850,0.0788090274889448
6851,0.0311512214724726
6852,0.718992513586332
6853,0.041457552097097
6854,0.0442065395906272
6855,0.111654169371529
6856,0.0509114882609314
6857,0.0566897634185225
6858,0.0394351134461602
6859,0.712393809427402
6860,0.86627117483078
6861,0.107251684230434
6862,0.112808183918812
6863,0.0708762660963818
6864,0.249105983142506
6865,0.0593421935030691
6866,0.671709686284329
6867,0.198944330419493
6868,0.121304259192387
6869,0.325100273030504
6870,0.0859029858946363
6871,0.0438652322954517
6872,0.0119891097451553
6873,0.0828528189149866
6874,0.253253105531248
6875,0.0933692389789471
6876,0.0482380153127338
6877,0.0531389679150909
6878,0.479425938850376
6879,0.0578956132749506
6880,0.00578214279891799
6881,0.0377553980375592
6882,0.0840155067144049
6883,0.0384382917543407
6884,0.0413196897438622
6885,0.847965405843602
6886,0.00825445748583519
6887,0.00405189687056808
6888,0.434760045695051
6889,0.138837995000313
6890,0.104944918709701
6891,0.212956582477375
6892,0.0859063830371939
6893,0.122698681169198
6894,0.0040100468663057
6895,0.111884143490712
6896,0.00505009773666438
6897,0.0581947357282475
6898,0.0546800910078322
6899,0.0325802817162961
6900,0.03805485251636
6901,0.0390856123585727
6902,0.0984911898933423
6903,0.128235135201993
6904,0.0982661137554306
6905,0.036508977916929
6906,0.00584782472439305
6907,0.110374985734558
6908,0.0481216497269337
6909,0.138955268538607
6910,0.00543854615366786
6911,0.0952298385779643
6912,0.0285630867182102
6913,0.066283308627905
6914,0.00482432797414493
6915,0.11738585834522
6916,0.0410781028477065
6917,0.00625162750528378
6918,0.0985705962363549
6919,0.049798190926757
6920,0.13484977263739
6921,0.764934458310003
6922,0.00992902061439342
6923,0.00727685135967551
6924,0.148942790654315
6925,0.913301287553726
6926,0.0052296345454612
6927,0.629303295510679
6928,0.0433728388630206
6929,0.0981635293439772
6930,0.037537580039509
6931,0.0281482432402038
6932,0.0080791787577379
6933,0.0416290984631154
6934,0.716130882791721
6935,0.504550818306501
6936,0.0344485052835915
6937,0.0974481073526475
6938,0.100197618426892
6939,0.00907271062596706
6940,0.696678690096172
6941,0.127701732702714
6942,0.0446396601792252
6943,0.87278792397445
6944,0.101493923438727
6945,0.0329034135800135
6946,0.16029314806432
6947,0.0924719980967646
6948,0.00387724978520562
6949,0.0471235773376324
6950,0.186649485650407
6951,0.0908327844759577
6952,0.0636736196326591
6953,0.341520961160412
6954,0.10384136005187
6955,0.125016721441404
6956,0.968294804367063
6957,0.0975500249934923
6958,0.00393584058999946
6959,0.00564274331985421
6960,0.178695736573197
6961,0.0369149124231619
6962,0.0381316360296566
6963,0.132964179661848
6964,0.0303166057249602
6965,0.0552044931520346
6966,0.0893104166256204
6967,0.69741246161473
6968,0.173492839175623
6969,0.0872629271174794
6970,0.00619870939409932
6971,0.219189696778046
6972,0.335297457263045
6973,0.0514067684012848
6974,0.0350275794462374
6975,0.128883937679778
6976,0.502946031671317
6977,0.037499498239923
6978,0.0050113515883196
6979,0.0542081987064095
6980,0.0339891800815394
6981,0.0339891800815394
6982,0.551993754641965
6983,0.0772208395084667
6984,0.0470715958959593
6985,0.0962287242965843
6986,0.14034165759486
6987,0.0344835997192473
6988,0.0922777791641388
6989,0.00751052914849415
6990,0.917953128848911
6991,0.128136667487391
6992,0.0296096754169435
6993,0.0541917742521171
6994,0.0615052909994858
6995,0.0878180303134303
6996,0.00769402622025216
6997,0.0328665771830468
6998,0.0974481073526475
6999,0.0359027361199527
7000,0.0369633408127087
7001,0.0364604925293
7002,0.759902516785047
7003,0.850313246140726
7004,0.0713924802976404
7005,0.147307243669023
7006,0.0351377246758531
7007,0.00394406421927305
7008,0.00705782691530229
7009,0.666740449431103
7010,0.00485114489202748
7011,0.0572828641559508
7012,0.675940107747919
7013,0.0628036170056994
7014,0.0946155946870503
7015,0.0764153279144992
7016,0.135910940874293
7017,0.093431650642469
7018,0.305304545557128
7019,0.21603271913298
7020,0.376402218385763
7021,0.767457441568838
7022,0.839252349368872
7023,0.918817279736203
7024,0.184372784836473
7025,0.0635324823689566
7026,0.944853540038793
7027,0.0709345012450092
7028,0.0069213481313326
7029,0.00822861943195942
7030,0.452691128781273
7031,0.00624764585000813
7032,0.235041018146765
7033,0.0502912251246904
7034,0.223742793891174
7035,0.236044006734436
7036,0.158703661481075
7037,0.155787418412858
7038,0.106337089614837
7039,0.0561256225406068
7040,0.156092321424506
7041,0.0411627147330518
7042,0.11068964066856
7043,0.0170519474327715
7044,0.152609608689997
7045,0.162292928945118
7046,0.00708498369378528
7047,0.746063363281314
7048,0.742803343889812
7049,0.29143034495835
7050,0.00931284048335465
7051,0.075637755214327
7052,0.355370407516384
7053,0.1602562363255
7054,0.0442879427252517
7055,0.0109468990856983
7056,0.0992688269359837
7057,0.244286561337511
7058,0.284080410499503
7059,0.0726173853655405
7060,0.0494030624793655
7061,0.781772269635601
7062,0.135359094957043
7063,0.00889103700514836
7064,0.036041613567592
7065,0.0660516604773084
7066,0.18521190755313
7067,0.16707258280761
7068,0.00533464412658505
7069,0.0529447684172414
7070,0.172769300472468
7071,0.277531085954682
7072,0.757516722652987
7073,0.273361823069747
7074,0.160880698809239
7075,0.349841955998765
7076,0.150678115987232
7077,0.0601602872579057
7078,0.280560261394782
7079,0.2223377820108
7080,0.0530028748922347
7081,0.551211183165521
7082,0.0861372348158763
7083,0.0654051664794826
7084,0.925130669137992
7085,0.00530400261643378
7086,0.0661882983235603
7087,0.224145384648227
7088,0.13631080797466
7089,0.785503421876969
7090,0.0404824432198516
7091,0.00837940711007917
7092,0.064287675844683
7093,0.137955422654098
7094,0.141998761906889
7095,0.550769388796336
7096,0.0490236920213614
7097,0.789765496134647
7098,0.0746716990461908
7099,0.0073168139695576
7100,0.0484865247229575
7101,0.0480078543054617
7102,0.0908101380344053
7103,0.241093456160209
7104,0.215791897163643
7105,0.110348058388604
7106,0.209017922030277
7107,0.0680806634988482
7108,0.159050261645619
7109,0.168366010995294
7110,0.133338579131066
7111,0.0815995892221195
7112,0.090615495950568
7113,0.00892045669917275
7114,0.0426034327788463
7115,0.0477965551968814
7116,0.125876125598962
7117,0.00876816098462243
7118,0.195929410601298
7119,0.0513984502776793
7120,0.134792003803882
7121,0.22330238638992
7122,0.136967922730293
7123,0.170289882152338
7124,0.196625413201464
7125,0.0376071859607909
7126,0.132645339364762
7127,0.0573988563511451
7128,0.00800132758340043
7129,0.0392766646772696
7130,0.052991783367543
7131,0.70285127173926
7132,0.274478124936393
7133,0.0127440364845743
7134,0.355078249583435
7135,0.0755413794625936
7136,0.0918455126982101
7137,0.0512748714393804
7138,0.300807786470293
7139,0.0591086808102008
7140,0.192991886691307
7141,0.782326863850807
7142,0.0416134783989381
7143,0.074977121982208
7144,0.123090999260091
7145,0.698772748334392
7146,0.05264411431186
7147,0.00732362462454857
7148,0.771283801877232
7149,0.0493383301066603
7150,0.109981530032575
7151,0.388883185202101
7152,0.170945483197218
7153,0.244032028016996
7154,0.0546430795391475
7155,0.0915474734575524
7156,0.0509888667084179
7157,0.00934950023280256
7158,0.23978392872033
7159,0.00475292927741965
7160,0.137104894066159
7161,0.0645473291126394
7162,0.139990292950037
7163,0.300068552811969
7164,0.0379862926497668
7165,0.0369834080990313
7166,0.0668939922778564
7167,0.00746816973720681
7168,0.0401155370722234
7169,0.0510499641416647
7170,0.046332250561617
7171,0.131186360778973
7172,0.0583404121794981
7173,0.0957873966398554
7174,0.131980470748275
7175,0.0814962867869099
7176,0.594338060103849
7177,0.165276614238222
7178,0.726047169804322
7179,0.0687984052546628
7180,0.744086696518841
7181,0.393572730976968
7182,0.0669204671201877
7183,0.00698634094575162
7184,0.0465373926462102
7185,0.752593120422515
7186,0.270117531234257
7187,0.0547575007035596
7188,0.222893381187214
7189,0.0416134783989381
7190,0.0833389280839733
7191,0.169793395455696
7192,0.00845968203026426
7193,0.00479696224436117
7194,0.242965242795501
7195,0.104227042177606
7196,0.137137684777774
7197,0.058793159636421
7198,0.0918455126982101
7199,0.0388852004951073
7200,0.0435009441797519
7201,0.127276471601123
7202,0.176262535027033
7203,0.0129569664974508
7204,0.045419713890036
7205,0.0556637359326492
7206,0.133421370706179
7207,0.093879428831663
7208,0.111446491241905
7209,0.0487291063426423
7210,0.214153591408887
7211,0.112946295847527
7212,0.467486405825659
7213,0.0219448717717505
7214,0.168304132598618
7215,0.005904534863055
7216,0.0511515737035197
7217,0.276978327720373
7218,0.903415937034182
7219,0.0343477729065707
7220,0.196773506993606
7221,0.063493048427183
7222,0.0663759914142979
7223,0.00979760138561324
7224,0.103559476457049
7225,0.253725241017303
7226,0.047304434349721
7227,0.0490570948161457
7228,0.0667357780950574
7229,0.756840406851791
7230,0.143783416735523
7231,0.00714732930805333
7232,0.212411744394724
7233,0.190779602217051
7234,0.311080799440646
7235,0.0586471772529951
7236,0.0359983400170132
7237,0.117072010596619
7238,0.805395355376623
7239,9.89241065882397e-08
7240,9.83528694482396e-08
7241,9.99607071568506e-08
7242,0.685398629287565
7243,0.275348969994635
7244,0.0436848912355604
7245,0.155729297264604
7246,0.0591608273912338
7247,0.0455609945819105
7248,0.857616799012675
7249,0.00631949784491643
7250,0.25132837450358
7251,0.0700562234157554
7252,0.0879463038331273
7253,0.00440878779103921
7254,0.259923062250094
7255,0.245704510523064
7256,0.266436288216617
7257,0.00623281460738493
7258,0.949455482790632
7259,0.106058817296258
7260,0.00847846774944646
7261,0.135171916802222
7262,0.189553616331167
7263,0.160664786538994
7264,0.243350881820628
7265,0.218085249147843
7266,0.246994759712825
7267,0.00608395273412239
7268,0.112478632236664
7269,0.0538539161838261
7270,0.0384464608052762
7271,0.134092376708805
7272,0.10507454376243
7273,0.130485954177282
7274,0.343194708007692
7275,0.0552934312440265
7276,0.0962709346395033
7277,0.156034107547849
7278,0.0426799562200605
7279,0.0925940335605399
7280,0.0337761604537975
7281,0.116117615286239
7282,0.216509304804153
7283,0.00620418357592651
7284,0.110760166503082
7285,0.0646295755842066
7286,0.134901346290676
7287,0.0462202590337565
7288,0.580401802650616
7289,0.00427855845401349
7290,0.679574329893854
7291,0.281641252025824
7292,0.0764307232850735
7293,0.140120871641347
7294,0.121076474381429
7295,0.023301837249805
7296,0.102063763426928
7297,0.122319109866118
7298,0.194585978527571
7299,0.123598037328803
7300,0.111446491241905
7301,0.0546915154982835
7302,0.0761012842167042
7303,0.0479876578590911
7304,0.129846889295336
7305,0.035519110010633
7306,0.0419291551108329
7307,0.809502676473427
7308,0.0612511124192001
7309,0.0309769109728309
7310,0.0311861973173711
7311,0.151335575586111
7312,0.121299648003655
7313,0.131004078538201
7314,0.948604408555214
7315,0.0311861973173711
7316,0.0879251094858415
7317,0.116690536602349
7318,0.0485628670700026
7319,0.305845120448694
7320,0.105271754681135
7321,0.0392599898799254
7322,0.0370915731542147
7323,0.0423409511146674
7324,0.0451502256801387
7325,0.0314320945149848
7326,0.0458038315790266
7327,0.0391727080449488
7328,0.0383955048999061
7329,0.0382248143130364
7330,0.0704267720674858
7331,0.0352348897578819
7332,0.0489927923980917
7333,0.0517058244391554
7334,0.0541437555249481
7335,0.0362325654301944
7336,0.0361517608277892
7337,0.0829487601160847
7338,0.0454507784402273
7339,0.0412738331884721
7340,0.0399205738069045
7341,0.107918907099142
7342,0.170554896409477
7343,0.0584434765691428
7344,0.709060033127963
7345,0.0420134144084951
7346,0.127484831366123
7347,0.0645905906907877
7348,0.0072533842785306
7349,0.742012050617404
7350,0.139253963697908
7351,0.0564425177862844
7352,0.0502993735607729
7353,0.0393037007163934
7354,0.140233836239261
7355,0.669406879027561
7356,0.114323955900112
7357,0.40653136204267
7358,0.0579989196404629
7359,0.112808183918812
7360,0.0397836499449242
7361,0.00404722547198307
7362,0.10343150444712
7363,0.0959498742890083
7364,0.0308381427450424
7365,0.130740589488008
7366,0.0455468785501953
7367,0.113855684838119
7368,0.0325437949020535
7369,0.0878357351042783
7370,0.0511920468398824
7371,0.00580215242242749
7372,0.0073508992342168
7373,0.0528483335364443
7374,0.0590197464238592
7375,0.608265410851862
7376,0.0681120921251026
7377,0.0681856461483509
7378,0.0510235366530416
7379,0.141214225937692
7380,0.0118187156932202
7381,0.0585710787137051
7382,0.351537168480825
7383,0.00404722547198307
7384,0.0629312675694918
7385,0.0055473126706056
7386,0.351273181263276
7387,0.152979185046736
7388,0.0498086491689078
7389,0.0456157150151655
7390,0.22805697690355
7391,0.0386529135071243
7392,0.0452957813890539
7393,0.0648071305225622
7394,0.0079291249923097
7395,0.0700513982327739
7396,0.159849870282062
7397,0.216275430936425
7398,0.0484511667250274
7399,0.0835709034339994
7400,0.113972595653869
7401,0.103672268393483
7402,0.111081041596435
7403,0.0735998028545296
7404,0.090370272781851
7405,0.138981712191517
7406,0.0370915731542147
7407,0.0323982421357848
7408,0.00681263401271259
7409,0.0384382917543407
7410,0.110282988516787
7411,0.0977541455178593
7412,0.171838268511124
7413,0.0667346616552147
7414,0.080931487951479
7415,0.720583211698095
7416,0.185253299264542
7417,0.0438117643829735
7418,0.0361037320622231
7419,0.032829780625628
7420,0.00551424434996395
7421,0.0286274332831351
7422,0.0334982468410688
7423,0.0343331158755396
7424,0.260052690913134
7425,0.0333485724169176
7426,0.0347192033364264
7427,0.428444158583007
7428,0.0365905506421309
7429,0.0636798005276976
7430,0.0848906323092206
7431,0.0355833816690844
7432,0.0298770778268979
7433,0.235042816329895
7434,0.039912104539485
7435,0.0443933318316347
7436,0.0592064814038932
7437,0.627951303468082
7438,0.102551067095969
7439,0.0718664292868118
7440,0.0366314027290309
7441,0.0566779465416872
7442,0.0878180303134303
7443,0.148942790654315
7444,0.0372494731646737
7445,0.0519225830752374
7446,0.0331252708339334
7447,0.303354099183251
7448,0.0919871378431477
7449,0.0524957172205621
7450,0.0432811177888782
7451,0.0295099988810407
7452,0.0365497423858211
7453,0.0463541386819201
7454,0.0814466726367269
7455,0.0889343130810481
7456,0.0348358435273988
7457,0.0356629628649318
7458,0.0377090837659533
7459,0.087907388416203
7460,0.0344100006550804
7461,0.0402239472674347
7462,0.0390338437271522
7463,0.0741393546922714
7464,0.0345256392248552
7465,0.0302485805991216
7466,0.0289512820456215
7467,0.0366314027290309
7468,0.469263208668094
7469,0.037166488147801
7470,0.72128229026931
7471,0.256723512293314
7472,0.0491987676628185
7473,0.0289838617443934
7474,0.656363883419784
7475,0.5242221720483
7476,0.03018070335899
7477,0.005051941337247
7478,0.0307278789560139
7479,0.0344485052835915
7480,0.0703365307930617
7481,0.0324639974529493
7482,0.0365497423858211
7483,0.142026907903618
7484,0.0499079179657229
7485,0.0925656112307878
7486,0.0327930238678026
7487,0.0979548241232996
7488,0.0496886925157238
7489,0.0478090388737852
7490,0.0794757671537047
7491,0.032829780625628
7492,0.0294437286831529
7493,0.036508977916929
7494,0.0336413843787306
7495,0.898394394419381
7496,0.0778647281840567
7497,0.0413021848744325
7498,0.2115271135254
7499,0.0331924511072178
7500,0.640604645117328
7501,0.0377851970235549
7502,0.704889471260888
7503,0.707772482124964
7504,0.0278898768174984
7505,0.0381660270240169
7506,0.0814349329032878
7507,0.122498972471733
7508,0.0849113869307667
7509,0.220770357337762
7510,0.0605669945409129
7511,0.0623770741732488
7512,0.0717016223343817
7513,0.964537675213183
7514,0.192700108648785
7515,0.0562431897990837
7516,0.073023315624716
7517,0.055753370234622
7518,0.0480709293483276
7519,0.768901261256806
7520,0.469093664061456
7521,0.301388277094434
7522,0.0495223655088425
7523,0.124370739586258
7524,0.223340718078898
7525,0.123992824608143
7526,0.0310381347699327
7527,0.152915022413653
7528,0.130158880068797
7529,0.255135428179266
7530,0.121622199623156
7531,0.540875739147719
7532,0.556077031059289
7533,0.926246101595387
7534,0.918193851516251
7535,0.589226987257112
7536,0.974099880699439
7537,0.337563206639509
7538,0.721179238720893
7539,0.190156048900746
7540,0.152915022413653
7541,0.699256484724861
7542,0.788995220661906
7543,0.0428402746340879
7544,0.862657029412564
7545,0.0101915815584162
7546,0.0679272750365935
7547,0.0117523458160405
7548,0.0411170249166332
7549,0.178322049992907
7550,0.108429823550177
7551,0.134009233145618
7552,0.0654760026915941
7553,0.0425090467688652
7554,0.0483264667645512
7555,0.762209712996975
7556,0.00969439212212609
7557,0.349061683881583
7558,0.791108508433306
7559,0.106426623444085
7560,0.00961261395598425
7561,0.260222828513445
7562,0.107644355602612
7563,0.139061068471058
7564,0.0449793810906163
7565,0.130552787621684
7566,0.169341313861892
7567,0.057342564200842
7568,0.177137175281786
7569,0.420172712103062
7570,0.0481669104239496
7571,0.374720816444761
7572,0.141993491171813
7573,0.248372057748431
7574,0.0806421751097522
7575,0.0616842894213922
7576,0.00531623815676275
7577,0.00759099484222517
7578,0.487822888368956
7579,0.0484865247229575
7580,0.00522515153934984
7581,0.13265386103514
7582,0.0496210935375359
7583,0.12589229338328
7584,0.815078134248631
7585,0.780543520755308
7586,0.099061890863702
7587,0.068590245719627
7588,0.130815955143076
7589,0.00735054158407715
7590,0.129896836862424
7591,0.057971867188667
7592,0.0528867220862221
7593,0.108878520756243
7594,0.0102840381907129
7595,0.0908101380344053
7596,0.180881945291244
7597,0.215400144722742
7598,0.106540941005581
7599,0.0786965856652486
7600,0.244278574821645
7601,0.00872798588327956
7602,0.136479884371581
7603,0.141998761906889
7604,0.115097015197037
7605,0.0869613528845033
7606,0.0915744782918652
7607,0.0488619518887926
7608,0.126403007635605
7609,0.00881863769993589
7610,0.0425090467688652
7611,0.10521128269832
7612,0.124370739586258
7613,0.0524245100931884
7614,0.145391885047579
7615,0.249630279901646
7616,0.196442516280462
7617,0.162893650720209
7618,0.121970226140872
7619,0.929106213168537
7620,0.0679198469565875
7621,0.710820631534148
7622,0.174247334773093
7623,0.0519552295604218
7624,0.0440829442536859
7625,0.20273321330354
7626,0.0375652880939882
7627,0.33492903616455
7628,0.0869438075411903
7629,0.129349206547038
7630,0.00829141523667211
7631,0.0921538570327681
7632,0.00901238031077772
7633,0.0857477800156258
7634,0.14668650587948
7635,0.728297762883926
7636,0.836042026697777
7637,0.290199136900804
7638,0.00696227606313623
7639,0.431161511118973
7640,0.0523508935549365
7641,0.0538651778946475
7642,0.044278589639872
7643,0.0581554916445988
7644,0.132912080211782
7645,0.0522360907180808
7646,0.822604302979964
7647,0.00802895487633352
7648,0.058979980828914
7649,0.800297267244768
7650,0.123341259156067
7651,0.0715182327642131
7652,0.011677571667652
7653,0.107183123127639
7654,0.0516707161302148
7655,0.0465888130055396
7656,0.0371487693777678
7657,0.0487978921318626
7658,0.128179780205655
7659,0.00467683738314023
7660,0.120121801556939
7661,0.0597561372958282
7662,0.118781706412773
7663,0.0536348127352828
7664,0.0533948966261686
7665,0.00493719872662649
7666,0.058086410740775
7667,0.143958629840439
7668,0.116975165389217
7669,0.00854273866104048
7670,0.168964045288121
7671,0.103468486060716
7672,0.121965593150356
7673,0.731313848378478
7674,0.0729220759534488
7675,0.0790938447923162
7676,0.39412575231523
7677,0.0597149005144647
7678,0.00660342444468162
7679,0.275162152446543
7680,0.159138573706641
7681,0.0469502713793558
7682,0.577479089249078
7683,0.0525812146903816
7684,0.321648838940237
7685,0.0833389280839733
7686,0.106409722032667
7687,0.00804273440049093
7688,0.166231602167462
7689,0.223503335355653
7690,0.102190236063128
7691,0.158865869968719
7692,0.0812365641825515
7693,0.0683611193628608
7694,0.177273829866953
7695,0.0965929545141838
7696,0.0411997223688656
7697,0.0387555463475991
7698,0.241264984044711
7699,0.178459420420291
7700,0.0765996417488991
7701,0.149320861880948
7702,0.141127386203131
7703,0.0482098986135062
7704,0.0487291063426423
7705,0.165565912444165
7706,0.0430124559777575
7707,0.84440727871063
7708,0.0799329833157106
7709,0.0442202594660522
7710,0.0433954849027589
7711,0.157104774057348
7712,0.226283864595666
7713,0.0504207262769689
7714,0.277442471585225
7715,0.0340417614580225
7716,0.0343477729065707
7717,0.9788618030162
7718,0.0340417614580225
7719,0.0518303851848048
7720,0.0477764431809423
7721,0.0392683264296815
7722,0.0529806940340407
7723,0.00609096059204186
7724,0.0114352891555098
7725,0.768783432068886
7726,0.0393120461680102
7727,0.141363738174116
7728,0.114346334619083
7729,0.0406907386491873
7730,0.0341944369855071
7731,0.0602066631911043
7732,0.0472522632999688
7733,0.0401963046994192
7734,0.746244161616525
7735,0.0410996022242774
7736,0.0573812931319905
7737,0.0367698736666552
7738,0.0431079094214183
7739,0.0528593967120659
7740,0.0384036652207906
7741,0.0602663608852672
7742,0.945777241208031
7743,0.7619195539325
7744,0.0339656705199283
7745,0.0474089407165619
7746,0.330764799024871
7747,0.0416046655406468
7748,0.509003896172312
7749,0.044269238438257
7750,0.0394873923933526
7751,0.0337761604537975
7752,0.0403754292820053
7753,0.0649102173588832
7754,0.11387798367966
7755,0.00807344079110167
7756,0.0406455505093886
7757,0.0530336311678983
7758,0.0341180168370899
7759,0.693038163289547
7760,0.0482529232243601
7761,0.17606236639443
7762,0.00985394548891049
7763,0.0393996257354194
7764,0.0419291551108329
7765,0.0499789289581493
7766,0.0386181013997658
7767,0.0421624135850557
7768,0.172561691931106
7769,0.0403305765804414
7770,0.0391810268169346
7771,0.0551725512591574
7772,0.0530336311678983
7773,0.122568019763829
7774,0.0385751224231564
7775,0.080609412206999
7776,0.0363212783867284
7777,0.697261290456282
7778,0.0371408654081331
7779,0.0572617214301795
7780,0.0350852183261276
7781,0.108943834284142
7782,0.0401070281706588
7783,0.0387041972778325
7784,0.0440248599399911
7785,0.00439863154918193
7786,0.0700629775190311
7787,0.129324320365818
7788,0.100902023566689
7789,0.711251180487429
7790,0.0760126065518522
7791,0.520130018229351
7792,0.00437838889198209
7793,0.0167749833433089
7794,0.151047798733212
7795,0.0990263102847809
7796,0.196956636548389
7797,0.0339656705199283
7798,0.692349222617414
7799,0.0953678064605256
7800,0.101428624833712
7801,0.0981001394877435
7802,0.129324320365818
7803,0.0340798685719236
7804,0.411344007860024
7805,0.00600739320074467
7806,0.0660180072084613
7807,0.0573415952473869
7808,0.041882651721061
7809,0.168622574794417
7810,0.0764307232850735
7811,0.818306430908441
7812,0.175726577610388
7813,0.181841685476876
7814,0.315075382268735
7815,0.229347747754239
7816,0.0109482894551588
7817,0.136564319075544
7818,0.103559476457049
7819,0.0942742812852786
7820,0.0779123454299925
7821,0.068790888944254
7822,0.0401516426598941
7823,0.0354398380225063
7824,0.0533252272013919
7825,0.0143405880007046
7826,0.0442202594660522
7827,0.671705873044339
7828,0.00804845072051663
7829,0.148384397438825
7830,0.0855432680148954
7831,0.156157571473173
7832,0.108926581849163
7833,0.0916192867530025
7834,0.254349885002105
7835,0.937026966779063
7836,0.204721312160962
7837,0.0426236380757546
7838,0.107807450464229
7839,0.00821777065486962
7840,0.031291353033275
7841,0.149706503949833
7842,0.0759970863615324
7843,0.123544088692511
7844,0.0395229559040283
7845,0.107358489457951
7846,0.0381397424939514
7847,0.162833389746979
7848,0.00729520487767018
7849,0.0365575253344434
7850,0.031573448387934
7851,0.0481848667123213
7852,0.0403180126188192
7853,0.291771909100934
7854,0.111769104725197
7855,0.745543685785839
7856,0.722257058272763
7857,0.223627665491237
7858,0.0531972755506192
7859,0.0399205738069045
7860,0.00606862789549684
7861,0.0499684368428143
7862,0.00760883588057305
7863,0.0401877793834977
7864,0.528319919502491
7865,0.482606516468897
7866,0.0319653494467765
7867,0.125819353730217
7868,0.10067205332311
7869,0.404576753550114
7870,0.0950368038034112
7871,0.0609793227559585
7872,0.0320012091827528
7873,0.174690370669525
7874,0.852129417402207
7875,0.0394790112476375
7876,0.110169391830521
7877,0.0344173442411862
7878,0.141336915696608
7879,0.0515306478614106
7880,0.120320063459641
7881,0.721792126136074
7882,0.0093602735054927
7883,0.0467237078950719
7884,0.0465131867174629
7885,0.00395948108215589
7886,0.092478214047847
7887,0.157843810776103
7888,0.0883906431975952
7889,0.785196405982784
7890,0.082075206017871
7891,0.642759744591551
7892,0.0456661657648708
7893,0.320542696455305
7894,0.00569622423570179
7895,0.0557013979904351
7896,0.0589789859381228
7897,0.411010078419856
7898,0.00833065842534521
7899,0.0394790112476375
7900,0.0878357351042783
7901,0.0473466910825089
7902,0.0458038315790266
7903,0.0700513982327739
7904,0.109489962774176
7905,0.0839264145299303
7906,0.172689376696319
7907,0.15342997322328
7908,0.242671026543656
7909,0.00398238631626679
7910,0.102788828777007
7911,0.115411991858289
7912,0.101092287853759
7913,0.059737131185781
7914,0.0470342189551233
7915,0.0377171039216849
7916,0.0322894906675811
7917,0.0185058229785476
7918,0.00496354832419164
7919,0.0432555825246784
7920,0.0400094525955536
7921,0.0565042339824008
7922,0.0054353674399707
7923,0.390664021021166
7924,0.249506112445431
7925,0.141468543854551
7926,0.0423319909979662
7927,0.626597306303278
7928,0.16921700427058
7929,0.0285630867182102
7930,0.659285333324123
7931,0.61459854595566
7932,0.81668523901625
7933,0.0933505329627377
7934,0.120051746041675
7935,0.0425631661080971
7936,0.0420045205643566
7937,0.0554466343178887
7938,0.775632401217587
7939,0.723141243387568
7940,0.0298435249548316
7941,0.0853449798288356
7942,0.0328665771830468
7943,0.0337617388156009
7944,0.0321742097666766
7945,0.0331995437849159
7946,0.0316730885117305
7947,0.0415367773965626
7948,0.0344100006550804
7949,0.051293923916023
7950,0.0344100006550804
7951,0.0307969477307154
7952,0.0307969477307154
7953,0.0308661668112907
7954,0.0298100086058052
7955,0.0311795208949103
7956,0.0317798321066173
7957,0.0307623945741631
7958,0.450133399072992
7959,0.679782148857419
7960,0.488916421914324
7961,0.149825849916274
7962,0.118712327000534
7963,0.040991026543752
7964,0.10812081153672
7965,0.00629494996011176
7966,0.0327196295912797
7967,0.0874476080163031
7968,0.0317442123050232
7969,0.636300633563865
7970,0.00671870241618856
7971,0.127718100711184
7972,0.093743391043736
7973,0.106016919019065
7974,0.043276825319781
7975,0.00381952784654791
7976,0.00816314733750119
7977,0.0298770778268979
7978,0.550132692989798
7979,0.306044303009431
7980,0.0727238229621062
7981,0.0428515220674192
7982,0.0367095724839333
7983,0.686550926760007
7984,0.178695736573197
7985,0.0326829919928386
7986,0.652751278443872
7987,0.100547249194702
7988,0.268156130562313
7989,0.807315742822501
7990,0.0501782974827028
7991,0.00474162940148891
7992,0.0351059628546502
7993,0.0793942337642092
7994,0.00519360537574329
7995,0.0369973573081302
7996,0.0446577488839124
7997,0.0832882938728386
7998,0.0348358435273988
7999,0.00396775390961659
8000,0.0312495721208139
8001,0.0908327844759577
8002,0.148351007099744
8003,0.142597688131382
8004,0.146464097164256
8005,0.116696323420692
8006,0.0508498883485209
8007,0.0496886925157238
8008,0.0296096754169435
8009,0.03464165246864
8010,0.142032179673774
8011,0.0106101425899164
8012,0.0363869468035397
8013,0.262082660959969
8014,0.0823915043985962
8015,0.0338301647246438
8016,0.864329684389228
8017,0.833684618248265
8018,0.776600283522548
8019,0.0884518623709343
8020,0.0865902143429055
8021,0.717261877990697
8022,0.00478450576852108
8023,0.0105127580777137
8024,0.0820754228568728
8025,0.127695799635186
8026,0.934220319861285
8027,0.437245322451872
8028,0.216425304700274
8029,0.0699485769119926
8030,0.0114427863754955
8031,0.00684218962991199
8032,0.0723208233991699
8033,0.0654186767239509
8034,0.0522631116573999
8035,0.0083812436149232
8036,0.487878104957571
8037,0.296775042031322
8038,0.00656459208678836
8039,0.1988654153574
8040,0.0665015484536002
8041,0.322465198131508
8042,0.287152657938201
8043,0.755640813179394
8044,0.96056710763492
8045,0.0526551371132505
8046,0.260668868111833
8047,0.0410713836426791
8048,0.101359422894062
8049,0.0710727246318239
8050,0.0108422421808808
8051,0.072773542135896
8052,0.110461816430326
8053,0.14963796643924
8054,0.0616842894213922
8055,0.719078313236728
8056,0.00510611331596667
8057,0.789957742284195
8058,0.553788501876378
8059,0.0618185028048199
8060,0.066475227535258
8061,0.137405373950953
8062,0.164987721582186
8063,0.330349992266993
8064,0.065058358783872
8065,0.121004874911452
8066,0.802727855832579
8067,0.0675615297667516
8068,0.259562639829331
8069,0.0498400363840605
8070,0.18486258382429
8071,0.0803926000817424
8072,0.195018659326607
8073,0.0121350319950888
8074,0.767995165374971
8075,0.131079573178026
8076,0.211711465285542
8077,0.0409802465351873
8078,0.00689208665567311
8079,0.466731692566368
8080,0.107426190264443
8081,0.126275163183899
8082,0.0074956139406469
8083,0.137680167471416
8084,0.114979100650909
8085,0.0517951969185202
8086,0.152465474717939
8087,0.934632597545756
8088,0.415393635509894
8089,0.00545898082891968
8090,0.221930038762883
8091,0.128723191476474
8092,0.0614894619662948
8093,0.353284161139607
8094,0.153968191074574
8095,0.108878520756243
8096,0.0433177365979857
8097,0.127718421358473
8098,0.0902344410210367
8099,0.063525502120213
8100,0.0507807940369332
8101,0.0424148606029266
8102,0.126514724841982
8103,0.0564778368984955
8104,0.689676096974507
8105,0.12371746870749
8106,0.0123917928021653
8107,0.950783296449388
8108,0.248322728317103
8109,0.0375234350852999
8110,0.0628269207142293
8111,0.528718678159858
8112,0.735165187508937
8113,0.0102479261187272
8114,0.309897388340336
8115,0.0627526604983137
8116,0.118689509387073
8117,0.0619401469827322
8118,0.13331304293757
8119,0.0649041841602833
8120,0.00479143599852397
8121,0.153939405788355
8122,0.840128323831873
8123,0.42379144365249
8124,0.11021272886427
8125,0.70285127173926
8126,0.167687454879837
8127,0.716736184446098
8128,0.34167962990014
8129,0.101027218596347
8130,0.00977040153649711
8131,0.00809020530607271
8132,0.770260593593779
8133,0.126501759552165
8134,0.134792003803882
8135,0.00629909853811116
8136,0.698528893454764
8137,0.403846393425587
8138,0.232679093374228
8139,0.729946124096606
8140,0.0661292858231104
8141,0.00676491021654966
8142,0.150649836271938
8143,0.351109802130657
8144,0.0550580240408646
8145,0.443426625635227
8146,0.0447218235559373
8147,0.206685973480746
8148,0.120612336453286
8149,0.104443517198535
8150,0.0495015650520005
8151,0.00481357906864739
8152,0.119906423694564
8153,0.0604161150084442
8154,0.0677733439390948
8155,0.043212701405075
8156,0.12371746870749
8157,0.0390587202377955
8158,0.0105806666209619
8159,0.0082013551982783
8160,0.046026149940051
8161,0.0470065782072335
8162,0.134901346290676
8163,0.047896548827697
8164,0.0343477729065707
8165,0.0584556387339372
8166,0.231607397729628
8167,0.0609919784496054
8168,0.697750051053209
8169,0.0522251508036786
8170,0.135437879223714
8171,0.140540056663301
8172,0.0506987248747928
8173,0.117191787273043
8174,0.0434392840154214
8175,0.224471536830297
8176,0.756627187721753
8177,0.0563255115264908
8178,0.0472997625895268
8179,0.189020391662454
8180,0.0569443271753557
8181,0.181848121864867
8182,0.00571061406290848
8183,0.0693120789532188
8184,0.0841430646163616
8185,0.0064000092980905
8186,0.0546482146548152
8187,0.462588156888371
8188,0.0401070281706588
8189,0.0961702109477896
8190,0.199904207365596
8191,0.17505026465514
8192,0.121976238629563
8193,0.129193958239891
8194,0.0967721865858961
8195,0.677300186496754
8196,0.108253884917843
8197,0.147362770186582
8198,0.946767051976428
8199,0.617060648193285
8200,0.24910583829964
8201,0.345760265168604
8202,0.00391406353369939
8203,0.488246643419085
8204,0.00409418183816154
8205,0.00430731932777529
8206,0.00527314199871669
8207,0.0520996934720345
8208,0.0495503635889332
8209,0.00905900966923941
8210,0.0584491814587499
8211,0.00782053660111671
8212,0.277157549880166
8213,0.0421196731587559
8214,0.192348269875765
8215,0.944310657894797
8216,0.0811870941729531
8217,0.608545481100656
8218,0.0505711050253347
8219,0.104381520595326
8220,0.692008263577702
8221,0.712585803373153
8222,0.67441220315127
8223,0.00777511555514155
8224,0.182623400168504
8225,0.0453864856376624
8226,0.113833389802071
8227,0.0502335288217088
8228,0.00381072384931943
8229,0.0888405107667659
8230,0.747036965138082
8231,0.00526591233431813
8232,0.00721531805264605
8233,0.00477453816411042
8234,0.118712327000534
8235,0.366410172463506
8236,0.0504198680301971
8237,0.321757077964248
8238,0.0755862387178343
8239,0.00394493250243972
8240,0.0330141622082409
8241,0.0857866136827535
8242,0.155823491848884
8243,0.488048197636794
8244,0.114564414658745
8245,0.0196501498278672
8246,0.0460988060921356
8247,0.00617647140654697
8248,0.0654478663579103
8249,0.924409161023629
8250,0.115930824439323
8251,0.735443998862324
8252,0.923103977957895
8253,0.0841598750215386
8254,0.00727203288300106
8255,0.379706151925823
8256,0.717496708260951
8257,0.186967815109404
8258,0.643721502669482
8259,0.0517978128605204
8260,0.0049785493084997
8261,0.572208764808798
8262,0.0794105985069935
8263,0.0146645757341125
8264,0.15935282434834
8265,0.182983445241484
8266,0.0844296930883228
8267,0.771770049078066
8268,0.782204867259578
8269,0.00822382346444942
8270,0.0562431897990837
8271,0.460162415561753
8272,0.217409026546223
8273,0.00817493124100565
8274,0.0650074146456913
8275,0.163873777452623
8276,0.365550118119279
8277,0.315420821031783
8278,0.0411627147330518
8279,0.14327354438441
8280,0.243859165170529
8281,0.337563206639509
8282,0.00945946053974594
8283,0.701494002999425
8284,0.417071916677206
8285,0.0652637078276778
8286,0.0661882983235603
8287,0.0611501539173308
8288,0.174285360966178
8289,0.0585494900466576
8290,0.749602986939245
8291,0.416790347282542
8292,0.164509574701527
8293,0.411461325235455
8294,0.136174504757742
8295,0.133857838682034
8296,0.00535928405198613
8297,0.0404824432198516
8298,0.543605474189021
8299,0.133071113704828
8300,0.085229849978078
8301,0.152465474717939
8302,0.200338841377211
8303,0.00528570180632674
8304,0.00692387010113182
8305,0.0629703760636923
8306,0.112295954485617
8307,0.047638660850905
8308,0.110917876197413
8309,0.19628778568122
8310,0.140907125816371
8311,0.0619590138534332
8312,0.677902799380114
8313,0.112754298866716
8314,0.051800079067389
8315,0.11078193487413
8316,0.174247334773093
8317,0.0605477471364386
8318,0.0375652880939882
8319,0.00920049994461942
8320,0.74452755783667
8321,0.254206012002846
8322,0.0392329826804972
8323,0.153939405788355
8324,0.57537011776688
8325,0.776351656113094
8326,0.0560526010597692
8327,0.0562142331449375
8328,0.078004034733409
8329,0.0408806370018706
8330,0.279115207132127
8331,0.782326863850807
8332,0.126250782672284
8333,0.0684283138542302
8334,0.00783406382573469
8335,0.105200237658273
8336,0.262864555074749
8337,0.0415673099341647
8338,0.0696191396902988
8339,0.0954831276943263
8340,0.00480803377220941
8341,0.0454699581914126
8342,0.465523765823516
8343,0.0696191396902988
8344,0.042358876786373
8345,0.389984794336295
8346,0.132113218007597
8347,0.00635005190647727
8348,0.0699474107527691
8349,0.00485817117584801
8350,0.0443767225988516
8351,0.052986581167085
8352,0.00601212073044648
8353,0.193526889118352
8354,0.102616084821862
8355,0.143422670585323
8356,0.00638296836749809
8357,0.0594373783371753
8358,0.199349027899981
8359,0.841648424018002
8360,0.281406975346603
8361,0.0653781537748549
8362,0.92249108476082
8363,0.056387107429557
8364,0.169442089415243
8365,0.0342710222321854
8366,0.747339247487735
8367,0.0652367494682073
8368,0.744660481929791
8369,0.74338231313552
8370,0.0574495866018753
8371,0.111561239661707
8372,0.0498690539898811
8373,0.00916558510035261
8374,0.0599631113577022
8375,0.775306019336037
8376,0.0725096922543262
8377,0.0943732266149297
8378,0.00795936757389585
8379,0.0713499178671894
8380,0.508135466128278
8381,0.0498690539898811
8382,0.591209390958827
8383,0.878164662954514
8384,0.0529806940340407
8385,0.120588898388463
8386,0.499002893678656
8387,0.0548880575906241
8388,0.0995442061437537
8389,0.00575683476173549
8390,0.106719506329003
8391,0.406025893887115
8392,0.377344691499865
8393,0.0580975222449467
8394,0.0410996022242774
8395,0.111217304049412
8396,0.00568104651800851
8397,0.185138689570135
8398,0.103990370237811
8399,0.13466352448708
8400,0.0518873356400939
8401,0.00881477512955032
8402,0.671194843369574
